{
	"format_version": "1.12.0",
	"minecraft:geometry": [
		{
			"description": {
				"identifier": "geometry.default",
				"texture_width": 256,
				"texture_height": 256,
				"visible_bounds_width": 5,
				"visible_bounds_height": 4.5,
				"visible_bounds_offset": [0, 1.75, 0]
			},
			"bones": [
				{
					"name": "LeftArm",
					"pivot": [4.65, 29.3481, 0.08724],
					"rotation": [7.52, -19.83217, 1.62495],
					"cubes": [
						{
							"origin": [3.13359, 23.92728, -1.3779],
							"size": [2.55, 6.2, 3.05],
							"pivot": [4.35859, 28.52728, 0.1471],
							"rotation": [4.99527, -0.21782, -2.5095],
							"uv": {
								"north": {"uv": [126, 24], "uv_size": [6, 12]},
								"east": {"uv": [126, 36], "uv_size": [6, 12]},
								"south": {"uv": [126, 48], "uv_size": [6, 12]},
								"west": {"uv": [126, 84], "uv_size": [6, 12]},
								"up": {"uv": [172, 34], "uv_size": [6, 6]},
								"down": {"uv": [52, 178], "uv_size": [6, -6]}
							}
						},
						{
							"origin": [3.32976, 23.40794, -0.29045],
							"size": [2.55, 2.15, 2.2],
							"pivot": [4.60476, 23.95794, 1.23455],
							"rotation": [49.99527, -0.21782, -2.5095],
							"uv": {
								"north": {"uv": [72, 194], "uv_size": [6, 4]},
								"east": {"uv": [78, 208], "uv_size": [4, 4]},
								"south": {"uv": [92, 194], "uv_size": [6, 4]},
								"west": {"uv": [90, 208], "uv_size": [4, 4]},
								"up": {"uv": [98, 194], "uv_size": [6, 4]},
								"down": {"uv": [194, 106], "uv_size": [6, -4]}
							}
						}
					]
				},
				{
					"name": "left_arm_armor",
					"parent": "LeftArm",
					"pivot": [4.35859, 28.52728, 0.1471],
					"cubes": [
						{
							"origin": [4.93635, 25.50549, -1.26216],
							"size": [3, 4, 3],
							"pivot": [6.43635, 28.00549, 0.23784],
							"rotation": [6.17182, 42.71646, 24.27931],
							"uv": {
								"north": {"uv": [68, 158], "uv_size": [6, 8]},
								"east": {"uv": [74, 158], "uv_size": [6, 8]},
								"south": {"uv": [80, 158], "uv_size": [6, 8]},
								"west": {"uv": [86, 158], "uv_size": [6, 8]},
								"up": {"uv": [172, 96], "uv_size": [6, 6]},
								"down": {"uv": [172, 114], "uv_size": [6, -6]}
							}
						},
						{
							"origin": [3.34748, 25.9303, 1.02776],
							"size": [1, 3, 1],
							"pivot": [5.09748, 27.4303, 0.27776],
							"rotation": [6.17182, 42.71646, 24.27931],
							"uv": {
								"north": {"uv": [76, 218], "uv_size": [2, 6]},
								"east": {"uv": [78, 218], "uv_size": [2, 6]},
								"south": {"uv": [80, 218], "uv_size": [2, 6]},
								"west": {"uv": [86, 218], "uv_size": [2, 6]},
								"up": {"uv": [74, 240], "uv_size": [2, 2]},
								"down": {"uv": [240, 76], "uv_size": [2, -2]}
							}
						},
						{
							"origin": [5.84748, 25.9303, -1.47224],
							"size": [1, 3, 1],
							"pivot": [5.09748, 27.4303, 0.27776],
							"rotation": [6.17182, 42.71646, 24.27931],
							"uv": {
								"north": {"uv": [218, 86], "uv_size": [2, 6]},
								"east": {"uv": [88, 218], "uv_size": [2, 6]},
								"south": {"uv": [96, 218], "uv_size": [2, 6]},
								"west": {"uv": [98, 218], "uv_size": [2, 6]},
								"up": {"uv": [76, 240], "uv_size": [2, 2]},
								"down": {"uv": [240, 78], "uv_size": [2, -2]}
							}
						},
						{
							"origin": [6.0669, 26.08332, -0.22437],
							"size": [3, 1, 3],
							"pivot": [6.5669, 27.58332, 0.27563],
							"rotation": [2.23928, 40.27855, 66.51824],
							"uv": {
								"north": {"uv": [218, 70], "uv_size": [6, 2]},
								"east": {"uv": [218, 72], "uv_size": [6, 2]},
								"south": {"uv": [218, 92], "uv_size": [6, 2]},
								"west": {"uv": [218, 94], "uv_size": [6, 2]},
								"up": {"uv": [172, 114], "uv_size": [6, 6]},
								"down": {"uv": [116, 178], "uv_size": [6, -6]}
							}
						},
						{
							"origin": [5.5669, 25.08332, -0.72437],
							"size": [4, 1, 4],
							"pivot": [6.5669, 27.58332, 0.27563],
							"rotation": [2.23928, 40.27855, 66.51824],
							"uv": {
								"north": {"uv": [206, 162], "uv_size": [8, 2]},
								"east": {"uv": [206, 176], "uv_size": [8, 2]},
								"south": {"uv": [208, 52], "uv_size": [8, 2]},
								"west": {"uv": [208, 100], "uv_size": [8, 2]},
								"up": {"uv": [134, 60], "uv_size": [8, 8]},
								"down": {"uv": [134, 120], "uv_size": [8, -8]}
							}
						},
						{
							"origin": [4.9368, 27.86833, -1.38094],
							"size": [3, 3, 3],
							"pivot": [6.4368, 29.36833, 0.11906],
							"rotation": [6.97156, 46.08476, -15.02068],
							"uv": {
								"north": {"uv": [122, 172], "uv_size": [6, 6]},
								"east": {"uv": [134, 172], "uv_size": [6, 6]},
								"south": {"uv": [140, 172], "uv_size": [6, 6]},
								"west": {"uv": [146, 172], "uv_size": [6, 6]},
								"up": {"uv": [154, 172], "uv_size": [6, 6]},
								"down": {"uv": [160, 178], "uv_size": [6, -6]}
							}
						},
						{
							"origin": [6.70524, 30.19928, 0.05631],
							"size": [1, 1, 1],
							"pivot": [7.70524, 30.19928, 0.05631],
							"rotation": [172.92669, 44.99979, 172.49525],
							"uv": {
								"north": {"uv": [78, 240], "uv_size": [2, 2]},
								"east": {"uv": [240, 78], "uv_size": [2, 2]},
								"south": {"uv": [80, 240], "uv_size": [2, 2]},
								"west": {"uv": [240, 80], "uv_size": [2, 2]},
								"up": {"uv": [82, 240], "uv_size": [2, 2]},
								"down": {"uv": [240, 84], "uv_size": [2, -2]}
							}
						},
						{
							"origin": [3.9368, 28.36833, 0.11906],
							"size": [1, 2, 1],
							"pivot": [6.4368, 29.36833, 0.11906],
							"rotation": [6.97156, 46.08476, -15.02068],
							"uv": {
								"north": {"uv": [68, 228], "uv_size": [2, 4]},
								"east": {"uv": [70, 228], "uv_size": [2, 4]},
								"south": {"uv": [228, 70], "uv_size": [2, 4]},
								"west": {"uv": [228, 74], "uv_size": [2, 4]},
								"up": {"uv": [84, 240], "uv_size": [2, 2]},
								"down": {"uv": [240, 86], "uv_size": [2, -2]}
							}
						},
						{
							"origin": [6.4368, 28.36833, -2.38094],
							"size": [1, 2, 1],
							"pivot": [6.4368, 29.36833, 0.11906],
							"rotation": [6.97156, 46.08476, -15.02068],
							"uv": {
								"north": {"uv": [228, 78], "uv_size": [2, 4]},
								"east": {"uv": [80, 228], "uv_size": [2, 4]},
								"south": {"uv": [228, 82], "uv_size": [2, 4]},
								"west": {"uv": [86, 228], "uv_size": [2, 4]},
								"up": {"uv": [86, 240], "uv_size": [2, 2]},
								"down": {"uv": [240, 88], "uv_size": [2, -2]}
							}
						},
						{
							"origin": [2.88359, 25.37728, -1.5279],
							"size": [3.05, 1, 3.35],
							"pivot": [4.35859, 28.52728, 0.1471],
							"rotation": [4.99527, -0.21782, -2.5095],
							"uv": {
								"north": {"uv": [104, 218], "uv_size": [6, 2]},
								"east": {"uv": [218, 104], "uv_size": [6, 2]},
								"south": {"uv": [218, 106], "uv_size": [6, 2]},
								"west": {"uv": [218, 108], "uv_size": [6, 2]},
								"up": {"uv": [4, 174], "uv_size": [6, 6]},
								"down": {"uv": [10, 180], "uv_size": [6, -6]}
							}
						}
					]
				},
				{
					"name": "LeftForeArm",
					"parent": "LeftArm",
					"pivot": [4.325, 23.3981, 0.11224],
					"rotation": [-15, 0, 0],
					"cubes": [
						{
							"origin": [3.475, 17.68217, -1.12894],
							"size": [2.5, 6, 3],
							"pivot": [4.725, 20.68217, 0.37106],
							"rotation": [0, 0, -2],
							"uv": {
								"north": {"uv": [102, 126], "uv_size": [6, 12]},
								"east": {"uv": [0, 128], "uv_size": [6, 12]},
								"south": {"uv": [26, 128], "uv_size": [6, 12]},
								"west": {"uv": [32, 128], "uv_size": [6, 12]},
								"up": {"uv": [174, 12], "uv_size": [6, 6]},
								"down": {"uv": [174, 24], "uv_size": [6, -6]}
							}
						}
					]
				},
				{
					"name": "left_forearm_armor",
					"parent": "LeftForeArm",
					"pivot": [5.64377, 18.41178, 0.25369],
					"cubes": [
						{
							"origin": [5.07845, 16.90438, -1.49593],
							"size": [1, 2, 2],
							"pivot": [5.64377, 18.41178, 0.25369],
							"rotation": [-67.5, 0, -49.5],
							"uv": {
								"north": {"uv": [228, 86], "uv_size": [2, 4]},
								"east": {"uv": [94, 208], "uv_size": [4, 4]},
								"south": {"uv": [88, 228], "uv_size": [2, 4]},
								"west": {"uv": [104, 208], "uv_size": [4, 4]},
								"up": {"uv": [92, 228], "uv_size": [2, 4]},
								"down": {"uv": [228, 96], "uv_size": [2, -4]}
							}
						},
						{
							"origin": [3.425, 17.63217, -1.17894],
							"size": [2.6, 6.05, 3.1],
							"pivot": [4.725, 20.68217, 0.37106],
							"rotation": [0, 0, -2],
							"uv": {
								"north": {"uv": [48, 128], "uv_size": [6, 12]},
								"east": {"uv": [128, 60], "uv_size": [6, 12]},
								"south": {"uv": [76, 128], "uv_size": [6, 12]},
								"west": {"uv": [86, 128], "uv_size": [6, 12]},
								"up": {"uv": [174, 40], "uv_size": [6, 6]},
								"down": {"uv": [174, 52], "uv_size": [6, -6]}
							}
						},
						{
							"origin": [5.67577, 20.03789, -1.12894],
							"size": [1, 3, 3],
							"pivot": [6.17577, 21.53789, 0.37106],
							"rotation": [-45, 0, 10.5],
							"uv": {
								"north": {"uv": [100, 218], "uv_size": [2, 6]},
								"east": {"uv": [174, 58], "uv_size": [6, 6]},
								"south": {"uv": [110, 218], "uv_size": [2, 6]},
								"west": {"uv": [174, 102], "uv_size": [6, 6]},
								"up": {"uv": [112, 218], "uv_size": [2, 6]},
								"down": {"uv": [134, 224], "uv_size": [2, -6]}
							}
						},
						{
							"origin": [6.56791, 20.36403, -1.12894],
							"size": [1, 2, 2],
							"pivot": [7.06791, 21.36403, -0.12894],
							"rotation": [-110, -15, 10.5],
							"uv": {
								"north": {"uv": [94, 228], "uv_size": [2, 4]},
								"east": {"uv": [138, 208], "uv_size": [4, 4]},
								"south": {"uv": [96, 228], "uv_size": [2, 4]},
								"west": {"uv": [208, 138], "uv_size": [4, 4]},
								"up": {"uv": [98, 228], "uv_size": [2, 4]},
								"down": {"uv": [228, 102], "uv_size": [2, -4]}
							}
						},
						{
							"origin": [6.57632, 20.40943, -0.04024],
							"size": [1, 2, 2],
							"pivot": [7.07632, 21.40943, 0.95976],
							"rotation": [-62.13918, 8.86042, 15.15468],
							"uv": {
								"north": {"uv": [100, 228], "uv_size": [2, 4]},
								"east": {"uv": [142, 208], "uv_size": [4, 4]},
								"south": {"uv": [102, 228], "uv_size": [2, 4]},
								"west": {"uv": [208, 142], "uv_size": [4, 4]},
								"up": {"uv": [104, 228], "uv_size": [2, 4]},
								"down": {"uv": [106, 232], "uv_size": [2, -4]}
							}
						},
						{
							"origin": [7.25135, 19.99098, -0.04713],
							"size": [1, 2, 2],
							"pivot": [7.25135, 21.24098, 0.70287],
							"rotation": [-79.63918, 8.86042, 15.15468],
							"uv": {
								"north": {"uv": [228, 106], "uv_size": [2, 4]},
								"east": {"uv": [208, 164], "uv_size": [4, 4]},
								"south": {"uv": [108, 228], "uv_size": [2, 4]},
								"west": {"uv": [208, 168], "uv_size": [4, 4]},
								"up": {"uv": [110, 228], "uv_size": [2, 4]},
								"down": {"uv": [228, 114], "uv_size": [2, -4]}
							}
						},
						{
							"origin": [6.35658, 19.52712, -0.38466],
							"size": [1, 2, 2],
							"pivot": [6.85658, 20.52712, 0.36534],
							"rotation": [-112.7784, 11.55652, -2.41848],
							"uv": {
								"north": {"uv": [112, 228], "uv_size": [2, 4]},
								"east": {"uv": [208, 178], "uv_size": [4, 4]},
								"south": {"uv": [114, 228], "uv_size": [2, 4]},
								"west": {"uv": [184, 208], "uv_size": [4, 4]},
								"up": {"uv": [116, 228], "uv_size": [2, 4]},
								"down": {"uv": [228, 120], "uv_size": [2, -4]}
							}
						},
						{
							"origin": [5.07845, 16.92331, -0.09185],
							"size": [1, 2, 2],
							"pivot": [5.64377, 18.41178, 0.25369],
							"rotation": [-45, 0, -49.5],
							"uv": {
								"north": {"uv": [228, 120], "uv_size": [2, 4]},
								"east": {"uv": [188, 208], "uv_size": [4, 4]},
								"south": {"uv": [128, 228], "uv_size": [2, 4]},
								"west": {"uv": [192, 208], "uv_size": [4, 4]},
								"up": {"uv": [228, 128], "uv_size": [2, 4]},
								"down": {"uv": [130, 232], "uv_size": [2, -4]}
							}
						},
						{
							"origin": [5.07845, 18.25123, -0.02203],
							"size": [1, 2, 2],
							"pivot": [5.64377, 18.41178, 0.25369],
							"rotation": [-22.5, 0, -49.5],
							"uv": {
								"north": {"uv": [132, 228], "uv_size": [2, 4]},
								"east": {"uv": [208, 206], "uv_size": [4, 4]},
								"south": {"uv": [134, 228], "uv_size": [2, 4]},
								"west": {"uv": [0, 210], "uv_size": [4, 4]},
								"up": {"uv": [228, 134], "uv_size": [2, 4]},
								"down": {"uv": [228, 142], "uv_size": [2, -4]}
							}
						}
					]
				},
				{
					"name": "LeftHand",
					"parent": "LeftForeArm",
					"pivot": [4.93668, 17.48952, 0.17106],
					"rotation": [0, 15, 0],
					"cubes": [
						{
							"origin": [4.30563, 15.79458, -1.01125],
							"size": [2, 2, 3],
							"pivot": [5.30563, 16.79458, 0.48875],
							"rotation": [0.87038, -4.92385, -2.53742],
							"uv": {
								"north": {"uv": [8, 210], "uv_size": [4, 4]},
								"east": {"uv": [116, 194], "uv_size": [6, 4]},
								"south": {"uv": [210, 44], "uv_size": [4, 4]},
								"west": {"uv": [194, 118], "uv_size": [6, 4]},
								"up": {"uv": [78, 194], "uv_size": [4, 6]},
								"down": {"uv": [104, 200], "uv_size": [4, -6]}
							}
						},
						{
							"origin": [5.01973, 14.35541, -0.01961],
							"size": [1, 2, 2],
							"pivot": [5.01973, 15.35541, 0.48039],
							"rotation": [-1.50701, -4.76804, 25.06274],
							"uv": {
								"north": {"uv": [140, 228], "uv_size": [2, 4]},
								"east": {"uv": [46, 210], "uv_size": [4, 4]},
								"south": {"uv": [142, 228], "uv_size": [2, 4]},
								"west": {"uv": [210, 54], "uv_size": [4, 4]},
								"up": {"uv": [228, 142], "uv_size": [2, 4]},
								"down": {"uv": [144, 232], "uv_size": [2, -4]}
							}
						},
						{
							"origin": [4.13873, 13.73438, 1.03165],
							"size": [1, 2, 1],
							"pivot": [4.62518, 13.79095, 1.5889],
							"rotation": [-10.22435, 2.69018, 37.69305],
							"uv": {
								"north": {"uv": [146, 228], "uv_size": [2, 4]},
								"east": {"uv": [148, 228], "uv_size": [2, 4]},
								"south": {"uv": [150, 228], "uv_size": [2, 4]},
								"west": {"uv": [152, 228], "uv_size": [2, 4]},
								"up": {"uv": [88, 240], "uv_size": [2, 2]},
								"down": {"uv": [240, 90], "uv_size": [2, -2]}
							}
						},
						{
							"origin": [3.4018, 15.35951, -0.61472],
							"size": [1, 1, 2],
							"pivot": [3.9018, 15.35951, 0.88528],
							"rotation": [-4.69986, 1.70818, 117.4299],
							"uv": {
								"north": {"uv": [90, 240], "uv_size": [2, 2]},
								"east": {"uv": [228, 36], "uv_size": [4, 2]},
								"south": {"uv": [240, 90], "uv_size": [2, 2]},
								"west": {"uv": [228, 102], "uv_size": [4, 2]},
								"up": {"uv": [154, 228], "uv_size": [2, 4]},
								"down": {"uv": [156, 232], "uv_size": [2, -4]}
							}
						},
						{
							"origin": [5.30597, 14.90192, -0.95005],
							"size": [1, 1, 1],
							"pivot": [5.80597, 14.90192, -0.45005],
							"rotation": [0, -5, 7.5],
							"uv": {
								"north": {"uv": [92, 240], "uv_size": [2, 2]},
								"east": {"uv": [240, 92], "uv_size": [2, 2]},
								"south": {"uv": [94, 240], "uv_size": [2, 2]},
								"west": {"uv": [240, 94], "uv_size": [2, 2]},
								"up": {"uv": [96, 240], "uv_size": [2, 2]},
								"down": {"uv": [240, 98], "uv_size": [2, -2]}
							}
						},
						{
							"origin": [4.75929, 13.43693, -1.09216],
							"size": [1, 2, 1],
							"pivot": [5.25929, 14.43693, -0.59216],
							"rotation": [-2.87277, -4.09405, 42.6027],
							"uv": {
								"north": {"uv": [158, 228], "uv_size": [2, 4]},
								"east": {"uv": [160, 228], "uv_size": [2, 4]},
								"south": {"uv": [162, 228], "uv_size": [2, 4]},
								"west": {"uv": [164, 228], "uv_size": [2, 4]},
								"up": {"uv": [98, 240], "uv_size": [2, 2]},
								"down": {"uv": [240, 100], "uv_size": [2, -2]}
							}
						},
						{
							"origin": [3.53878, 16.16412, -1.89984],
							"size": [1, 2, 2],
							"pivot": [4.03878, 17.16412, -0.89984],
							"rotation": [13.74956, -45.34628, 41.48038],
							"uv": {
								"north": {"uv": [166, 228], "uv_size": [2, 4]},
								"east": {"uv": [210, 58], "uv_size": [4, 4]},
								"south": {"uv": [168, 228], "uv_size": [2, 4]},
								"west": {"uv": [210, 62], "uv_size": [4, 4]},
								"up": {"uv": [170, 228], "uv_size": [2, 4]},
								"down": {"uv": [172, 232], "uv_size": [2, -4]}
							}
						},
						{
							"origin": [3.12969, 14.51116, -1.75588],
							"size": [1, 2, 1],
							"pivot": [3.8462, 16.31917, -1.00588],
							"rotation": [20.74366, -42.03023, -0.22506],
							"uv": {
								"north": {"uv": [174, 228], "uv_size": [2, 4]},
								"east": {"uv": [176, 228], "uv_size": [2, 4]},
								"south": {"uv": [178, 228], "uv_size": [2, 4]},
								"west": {"uv": [180, 228], "uv_size": [2, 4]},
								"up": {"uv": [100, 240], "uv_size": [2, 2]},
								"down": {"uv": [240, 102], "uv_size": [2, -2]}
							}
						}
					]
				},
				{
					"name": "lefthand_armor",
					"parent": "LeftHand",
					"pivot": [3.8462, 16.31917, -1.00588],
					"cubes": [
						{
							"origin": [4.95929, 13.38693, -1.14216],
							"size": [0.85, 2.1, 1.1],
							"pivot": [5.25929, 14.43693, -0.59216],
							"rotation": [-2.87277, -4.09405, 42.6027],
							"uv": {
								"north": {"uv": [182, 228], "uv_size": [2, 4]},
								"east": {"uv": [228, 182], "uv_size": [2, 4]},
								"south": {"uv": [184, 228], "uv_size": [2, 4]},
								"west": {"uv": [186, 228], "uv_size": [2, 4]},
								"up": {"uv": [102, 240], "uv_size": [2, 2]},
								"down": {"uv": [240, 104], "uv_size": [2, -2]}
							}
						},
						{
							"origin": [5.37458, 15.56059, 1.52275],
							"size": [1, 0.5, 0.5],
							"pivot": [5.77458, 15.81059, 1.77275],
							"rotation": [39.71435, -17.68824, 50.39029],
							"uv": {
								"north": {"uv": [104, 240], "uv_size": [2, 2]},
								"east": {"uv": [240, 104], "uv_size": [2, 2]},
								"south": {"uv": [106, 240], "uv_size": [2, 2]},
								"west": {"uv": [240, 106], "uv_size": [2, 2]},
								"up": {"uv": [108, 240], "uv_size": [2, 2]},
								"down": {"uv": [240, 110], "uv_size": [2, -2]}
							}
						},
						{
							"origin": [5.50597, 15.63143, 0.88002],
							"size": [1, 0.5, 0.5],
							"pivot": [6.00597, 15.88143, 1.13002],
							"rotation": [42.29085, -7.81226, 38.79724],
							"uv": {
								"north": {"uv": [110, 240], "uv_size": [2, 2]},
								"east": {"uv": [240, 110], "uv_size": [2, 2]},
								"south": {"uv": [112, 240], "uv_size": [2, 2]},
								"west": {"uv": [240, 112], "uv_size": [2, 2]},
								"up": {"uv": [114, 240], "uv_size": [2, 2]},
								"down": {"uv": [240, 116], "uv_size": [2, -2]}
							}
						},
						{
							"origin": [5.63799, 15.71651, 0.13597],
							"size": [1, 0.5, 0.5],
							"pivot": [6.13799, 15.96651, 0.38597],
							"rotation": [42.86211, -1.03712, 31.41575],
							"uv": {
								"north": {"uv": [116, 240], "uv_size": [2, 2]},
								"east": {"uv": [240, 116], "uv_size": [2, 2]},
								"south": {"uv": [118, 240], "uv_size": [2, 2]},
								"west": {"uv": [240, 118], "uv_size": [2, 2]},
								"up": {"uv": [120, 240], "uv_size": [2, 2]},
								"down": {"uv": [240, 122], "uv_size": [2, -2]}
							}
						},
						{
							"origin": [5.40078, 15.613, -0.42826],
							"size": [1, 0.5, 0.5],
							"pivot": [6.15078, 15.613, -0.42826],
							"rotation": [42.68664, -4.43385, 35.08957],
							"uv": {
								"north": {"uv": [122, 240], "uv_size": [2, 2]},
								"east": {"uv": [240, 122], "uv_size": [2, 2]},
								"south": {"uv": [124, 240], "uv_size": [2, 2]},
								"west": {"uv": [240, 124], "uv_size": [2, 2]},
								"up": {"uv": [126, 240], "uv_size": [2, 2]},
								"down": {"uv": [240, 128], "uv_size": [2, -2]}
							}
						},
						{
							"origin": [3.48878, 16.11412, -1.94984],
							"size": [0.85, 2.1, 2.1],
							"pivot": [4.03878, 17.16412, -0.89984],
							"rotation": [13.74956, -45.34628, 41.48038],
							"uv": {
								"north": {"uv": [188, 228], "uv_size": [2, 4]},
								"east": {"uv": [64, 210], "uv_size": [4, 4]},
								"south": {"uv": [190, 228], "uv_size": [2, 4]},
								"west": {"uv": [210, 66], "uv_size": [4, 4]},
								"up": {"uv": [192, 228], "uv_size": [2, 4]},
								"down": {"uv": [194, 232], "uv_size": [2, -4]}
							}
						},
						{
							"origin": [5.38011, 15.94147, -1.00305],
							"size": [1, 1, 3.1],
							"pivot": [5.93011, 16.44147, 0.54695],
							"rotation": [1.50701, -4.76804, -10.06274],
							"uv": {
								"north": {"uv": [128, 240], "uv_size": [2, 2]},
								"east": {"uv": [218, 110], "uv_size": [6, 2]},
								"south": {"uv": [240, 128], "uv_size": [2, 2]},
								"west": {"uv": [218, 112], "uv_size": [6, 2]},
								"up": {"uv": [218, 138], "uv_size": [2, 6]},
								"down": {"uv": [144, 224], "uv_size": [2, -6]}
							}
						},
						{
							"origin": [5.32943, 16.86827, -1.02237],
							"size": [1, 1, 3.1],
							"pivot": [5.82943, 17.36827, 0.52763],
							"rotation": [1.29716, -4.82922, -7.5547],
							"uv": {
								"north": {"uv": [130, 240], "uv_size": [2, 2]},
								"east": {"uv": [218, 144], "uv_size": [6, 2]},
								"south": {"uv": [240, 130], "uv_size": [2, 2]},
								"west": {"uv": [218, 150], "uv_size": [6, 2]},
								"up": {"uv": [218, 164], "uv_size": [2, 6]},
								"down": {"uv": [182, 224], "uv_size": [2, -6]}
							}
						},
						{
							"origin": [4.33873, 13.68438, 0.98165],
							"size": [0.85, 2.1, 1.1],
							"pivot": [4.62518, 13.79095, 1.5889],
							"rotation": [-10.22435, 2.69018, 37.69305],
							"uv": {
								"north": {"uv": [228, 194], "uv_size": [2, 4]},
								"east": {"uv": [196, 228], "uv_size": [2, 4]},
								"south": {"uv": [198, 228], "uv_size": [2, 4]},
								"west": {"uv": [228, 198], "uv_size": [2, 4]},
								"up": {"uv": [132, 240], "uv_size": [2, 2]},
								"down": {"uv": [240, 134], "uv_size": [2, -2]}
							}
						},
						{
							"origin": [3.07969, 14.46116, -1.80588],
							"size": [0.85, 2.1, 1.1],
							"pivot": [3.8462, 16.31917, -1.00588],
							"rotation": [20.74366, -42.03023, -0.22506],
							"uv": {
								"north": {"uv": [200, 228], "uv_size": [2, 4]},
								"east": {"uv": [228, 202], "uv_size": [2, 4]},
								"south": {"uv": [228, 206], "uv_size": [2, 4]},
								"west": {"uv": [228, 210], "uv_size": [2, 4]},
								"up": {"uv": [134, 240], "uv_size": [2, 2]},
								"down": {"uv": [240, 136], "uv_size": [2, -2]}
							}
						},
						{
							"origin": [3.6518, 15.30951, -0.66472],
							"size": [0.8, 1.3, 2.35],
							"pivot": [3.9018, 15.35951, 0.88528],
							"rotation": [-4.69986, 1.70818, 117.4299],
							"uv": {
								"north": {"uv": [136, 240], "uv_size": [2, 2]},
								"east": {"uv": [228, 124], "uv_size": [4, 2]},
								"south": {"uv": [240, 136], "uv_size": [2, 2]},
								"west": {"uv": [228, 154], "uv_size": [4, 2]},
								"up": {"uv": [212, 228], "uv_size": [2, 4]},
								"down": {"uv": [228, 218], "uv_size": [2, -4]}
							}
						},
						{
							"origin": [5.21973, 14.30541, -0.06961],
							"size": [0.85, 2.1, 2.1],
							"pivot": [5.01973, 15.35541, 0.48039],
							"rotation": [-1.50701, -4.76804, 25.06274],
							"uv": {
								"north": {"uv": [216, 228], "uv_size": [2, 4]},
								"east": {"uv": [68, 210], "uv_size": [4, 4]},
								"south": {"uv": [228, 218], "uv_size": [2, 4]},
								"west": {"uv": [72, 210], "uv_size": [4, 4]},
								"up": {"uv": [228, 222], "uv_size": [2, 4]},
								"down": {"uv": [228, 230], "uv_size": [2, -4]}
							}
						},
						{
							"origin": [5.50597, 14.85192, -1.00005],
							"size": [0.85, 1.1, 1.1],
							"pivot": [5.80597, 14.90192, -0.45005],
							"rotation": [0, -5, 7.5],
							"uv": {
								"north": {"uv": [138, 240], "uv_size": [2, 2]},
								"east": {"uv": [240, 138], "uv_size": [2, 2]},
								"south": {"uv": [140, 240], "uv_size": [2, 2]},
								"west": {"uv": [240, 140], "uv_size": [2, 2]},
								"up": {"uv": [142, 240], "uv_size": [2, 2]},
								"down": {"uv": [240, 144], "uv_size": [2, -2]}
							}
						}
					]
				},
				{
					"name": "LeftHandLocator",
					"parent": "LeftHand",
					"pivot": [4.825, 14.95717, 0.37106]
				},
				{
					"name": "RightArm",
					"pivot": [-4.65, 29.3481, 0.08724],
					"rotation": [7.52, 19.83217, -1.62495],
					"cubes": [
						{
							"origin": [-5.87976, 23.40794, -0.29045],
							"size": [2.55, 2.15, 2.2],
							"pivot": [-4.60476, 23.95794, 1.23455],
							"rotation": [49.99527, 0.21782, 2.5095],
							"uv": {
								"north": {"uv": [122, 194], "uv_size": [6, 4]},
								"east": {"uv": [210, 74], "uv_size": [4, 4]},
								"south": {"uv": [194, 122], "uv_size": [6, 4]},
								"west": {"uv": [210, 78], "uv_size": [4, 4]},
								"up": {"uv": [194, 126], "uv_size": [6, 4]},
								"down": {"uv": [194, 134], "uv_size": [6, -4]}
							}
						},
						{
							"origin": [-5.68359, 23.92728, -1.3779],
							"size": [2.55, 6.2, 3.05],
							"pivot": [-4.35859, 28.52728, 0.1471],
							"rotation": [4.99527, 0.21782, 2.5095],
							"uv": {
								"north": {"uv": [92, 128], "uv_size": [6, 12]},
								"east": {"uv": [128, 112], "uv_size": [6, 12]},
								"south": {"uv": [128, 124], "uv_size": [6, 12]},
								"west": {"uv": [38, 130], "uv_size": [6, 12]},
								"up": {"uv": [174, 160], "uv_size": [6, 6]},
								"down": {"uv": [174, 172], "uv_size": [6, -6]}
							}
						}
					]
				},
				{
					"name": "right_arm_armor",
					"parent": "RightArm",
					"pivot": [-4.56212, 23.92459, 0.52259],
					"cubes": [
						{
							"origin": [-5.28359, 23.82728, -1.4779],
							"size": [2.25, 1.3, 3.25],
							"pivot": [-4.35859, 28.52728, 0.1471],
							"rotation": [4.99527, 0.21782, 2.5095],
							"uv": {
								"north": {"uv": [228, 170], "uv_size": [4, 2]},
								"east": {"uv": [218, 152], "uv_size": [6, 2]},
								"south": {"uv": [230, 0], "uv_size": [4, 2]},
								"west": {"uv": [218, 154], "uv_size": [6, 2]},
								"up": {"uv": [138, 194], "uv_size": [4, 6]},
								"down": {"uv": [142, 200], "uv_size": [4, -6]}
							}
						},
						{
							"origin": [-5.93712, 22.74959, -0.57741],
							"size": [2.65, 2.25, 2.2],
							"pivot": [-4.56212, 23.92459, 0.52259],
							"rotation": [50.02942, 1.82453, 4.4252],
							"uv": {
								"north": {"uv": [146, 194], "uv_size": [6, 4]},
								"east": {"uv": [82, 210], "uv_size": [4, 4]},
								"south": {"uv": [154, 194], "uv_size": [6, 4]},
								"west": {"uv": [210, 82], "uv_size": [4, 4]},
								"up": {"uv": [160, 194], "uv_size": [6, 4]},
								"down": {"uv": [194, 168], "uv_size": [6, -4]}
							}
						},
						{
							"origin": [-7.14751, 23.97901, -0.06533],
							"size": [1, 4.2, 1],
							"pivot": [-5.87804, 25.90272, 0.33491],
							"rotation": [4.88206, 1.08089, -17.45392],
							"uv": {
								"north": {"uv": [12, 210], "uv_size": [2, 8]},
								"east": {"uv": [50, 210], "uv_size": [2, 8]},
								"south": {"uv": [76, 210], "uv_size": [2, 8]},
								"west": {"uv": [86, 210], "uv_size": [2, 8]},
								"up": {"uv": [144, 240], "uv_size": [2, 2]},
								"down": {"uv": [240, 146], "uv_size": [2, -2]}
							}
						},
						{
							"origin": [-7.20404, 23.97901, -0.54905],
							"size": [1, 4.2, 1],
							"pivot": [-5.87804, 25.90272, 0.33491],
							"rotation": [5.24124, -21.3337, -19.45763],
							"uv": {
								"north": {"uv": [210, 86], "uv_size": [2, 8]},
								"east": {"uv": [88, 210], "uv_size": [2, 8]},
								"south": {"uv": [98, 210], "uv_size": [2, 8]},
								"west": {"uv": [100, 210], "uv_size": [2, 8]},
								"up": {"uv": [146, 240], "uv_size": [2, 2]},
								"down": {"uv": [240, 148], "uv_size": [2, -2]}
							}
						},
						{
							"origin": [-7.44072, 23.97901, -0.35252],
							"size": [1, 3.2, 1],
							"pivot": [-5.87804, 25.90272, 0.33491],
							"rotation": [12.04855, -65.94365, -28.57514],
							"uv": {
								"north": {"uv": [184, 218], "uv_size": [2, 6]},
								"east": {"uv": [186, 218], "uv_size": [2, 6]},
								"south": {"uv": [188, 218], "uv_size": [2, 6]},
								"west": {"uv": [190, 218], "uv_size": [2, 6]},
								"up": {"uv": [148, 240], "uv_size": [2, 2]},
								"down": {"uv": [240, 150], "uv_size": [2, -2]}
							}
						},
						{
							"origin": [-7.44072, 25.14493, -0.81177],
							"size": [1, 2.2, 1],
							"pivot": [-5.87804, 25.90272, 0.33491],
							"rotation": [34.54855, -65.94365, -28.57514],
							"uv": {
								"north": {"uv": [230, 2], "uv_size": [2, 4]},
								"east": {"uv": [230, 6], "uv_size": [2, 4]},
								"south": {"uv": [8, 230], "uv_size": [2, 4]},
								"west": {"uv": [230, 10], "uv_size": [2, 4]},
								"up": {"uv": [150, 240], "uv_size": [2, 2]},
								"down": {"uv": [240, 152], "uv_size": [2, -2]}
							}
						},
						{
							"origin": [-7.2804, 23.97901, 0.40321],
							"size": [1, 4.2, 1],
							"pivot": [-5.87804, 25.90272, 0.33491],
							"rotation": [5.32364, 23.49414, -15.41879],
							"uv": {
								"north": {"uv": [210, 106], "uv_size": [2, 8]},
								"east": {"uv": [108, 210], "uv_size": [2, 8]},
								"south": {"uv": [110, 210], "uv_size": [2, 8]},
								"west": {"uv": [112, 210], "uv_size": [2, 8]},
								"up": {"uv": [152, 240], "uv_size": [2, 2]},
								"down": {"uv": [240, 154], "uv_size": [2, -2]}
							}
						},
						{
							"origin": [-7.62506, 23.97901, 0.09869],
							"size": [1, 3.2, 1],
							"pivot": [-5.87804, 25.90272, 0.33491],
							"rotation": [13.1644, 68.0611, -5.30536],
							"uv": {
								"north": {"uv": [218, 190], "uv_size": [2, 6]},
								"east": {"uv": [192, 218], "uv_size": [2, 6]},
								"south": {"uv": [194, 218], "uv_size": [2, 6]},
								"west": {"uv": [196, 218], "uv_size": [2, 6]},
								"up": {"uv": [154, 240], "uv_size": [2, 2]},
								"down": {"uv": [240, 156], "uv_size": [2, -2]}
							}
						},
						{
							"origin": [-7.62506, 25.17415, 0.55214],
							"size": [1, 2.2, 1],
							"pivot": [-5.87804, 25.90272, 0.33491],
							"rotation": [-9.3356, 68.0611, -5.30536],
							"uv": {
								"north": {"uv": [14, 230], "uv_size": [2, 4]},
								"east": {"uv": [230, 14], "uv_size": [2, 4]},
								"south": {"uv": [18, 230], "uv_size": [2, 4]},
								"west": {"uv": [230, 18], "uv_size": [2, 4]},
								"up": {"uv": [156, 240], "uv_size": [2, 2]},
								"down": {"uv": [240, 158], "uv_size": [2, -2]}
							}
						},
						{
							"origin": [-5.43359, 25.37728, -1.6279],
							"size": [2.55, 1, 3.55],
							"pivot": [-4.35859, 28.52728, 0.1471],
							"rotation": [4.99527, 0.21782, 2.5095],
							"uv": {
								"north": {"uv": [218, 170], "uv_size": [6, 2]},
								"east": {"uv": [208, 102], "uv_size": [8, 2]},
								"south": {"uv": [218, 178], "uv_size": [6, 2]},
								"west": {"uv": [210, 94], "uv_size": [8, 2]},
								"up": {"uv": [158, 88], "uv_size": [6, 8]},
								"down": {"uv": [100, 166], "uv_size": [6, -8]}
							}
						}
					]
				},
				{
					"name": "RightForeArm",
					"parent": "RightArm",
					"pivot": [-4.325, 23.3981, 0.11224],
					"rotation": [-15, 0, 0],
					"cubes": [
						{
							"origin": [-5.975, 17.68217, -1.12894],
							"size": [2.5, 6, 3],
							"pivot": [-4.725, 20.68217, 0.37106],
							"rotation": [0, 0, 2],
							"uv": {
								"north": {"uv": [54, 130], "uv_size": [6, 12]},
								"east": {"uv": [60, 130], "uv_size": [6, 12]},
								"south": {"uv": [66, 130], "uv_size": [6, 12]},
								"west": {"uv": [130, 72], "uv_size": [6, 12]},
								"up": {"uv": [174, 172], "uv_size": [6, 6]},
								"down": {"uv": [176, 6], "uv_size": [6, -6]}
							}
						}
					]
				},
				{
					"name": "right_forearmm_armor",
					"parent": "RightForeArm",
					"pivot": [-5.87056, 17.95892, 0.37106],
					"cubes": [
						{
							"origin": [-6.025, 17.63217, -1.17894],
							"size": [2.6, 6.1, 3.1],
							"pivot": [-4.725, 20.68217, 0.37106],
							"rotation": [0, 0, 2],
							"uv": {
								"north": {"uv": [130, 96], "uv_size": [6, 12]},
								"east": {"uv": [108, 130], "uv_size": [6, 12]},
								"south": {"uv": [114, 130], "uv_size": [6, 12]},
								"west": {"uv": [132, 0], "uv_size": [6, 12]},
								"up": {"uv": [176, 6], "uv_size": [6, 6]},
								"down": {"uv": [16, 182], "uv_size": [6, -6]}
							}
						},
						{
							"origin": [-6.49556, 16.95892, -0.62894],
							"size": [1.25, 2, 2],
							"pivot": [-5.87056, 17.95892, 0.37106],
							"rotation": [135, 0, 24.5],
							"uv": {
								"north": {"uv": [230, 22], "uv_size": [2, 4]},
								"east": {"uv": [210, 96], "uv_size": [4, 4]},
								"south": {"uv": [26, 230], "uv_size": [2, 4]},
								"west": {"uv": [114, 210], "uv_size": [4, 4]},
								"up": {"uv": [28, 230], "uv_size": [2, 4]},
								"down": {"uv": [30, 234], "uv_size": [2, -4]}
							}
						},
						{
							"origin": [-6.82076, 21.97332, -0.62894],
							"size": [1.25, 2, 2],
							"pivot": [-6.19576, 22.97332, 0.37106],
							"rotation": [45, 0, 19.5],
							"uv": {
								"north": {"uv": [32, 230], "uv_size": [2, 4]},
								"east": {"uv": [210, 114], "uv_size": [4, 4]},
								"south": {"uv": [230, 32], "uv_size": [2, 4]},
								"west": {"uv": [118, 210], "uv_size": [4, 4]},
								"up": {"uv": [34, 230], "uv_size": [2, 4]},
								"down": {"uv": [230, 42], "uv_size": [2, -4]}
							}
						}
					]
				},
				{
					"name": "RightHand",
					"parent": "RightForeArm",
					"pivot": [-4.93668, 17.48952, 0.17106],
					"rotation": [0, -15, 0],
					"cubes": [
						{
							"origin": [-6.30563, 15.79458, -1.01125],
							"size": [2, 2, 3],
							"pivot": [-5.30563, 16.79458, 0.48875],
							"rotation": [0.87038, 4.92385, 2.53742],
							"uv": {
								"north": {"uv": [210, 118], "uv_size": [4, 4]},
								"east": {"uv": [194, 168], "uv_size": [6, 4]},
								"south": {"uv": [122, 210], "uv_size": [4, 4]},
								"west": {"uv": [172, 194], "uv_size": [6, 4]},
								"up": {"uv": [194, 172], "uv_size": [4, 6]},
								"down": {"uv": [184, 200], "uv_size": [4, -6]}
							}
						},
						{
							"origin": [-6.01973, 14.35541, -0.01961],
							"size": [1, 2, 2],
							"pivot": [-5.01973, 15.35541, 0.48039],
							"rotation": [-1.50701, 4.76804, -25.06274],
							"uv": {
								"north": {"uv": [230, 42], "uv_size": [2, 4]},
								"east": {"uv": [210, 122], "uv_size": [4, 4]},
								"south": {"uv": [44, 230], "uv_size": [2, 4]},
								"west": {"uv": [126, 210], "uv_size": [4, 4]},
								"up": {"uv": [46, 230], "uv_size": [2, 4]},
								"down": {"uv": [230, 50], "uv_size": [2, -4]}
							}
						},
						{
							"origin": [-5.13873, 13.73438, 1.03165],
							"size": [1, 2, 1],
							"pivot": [-4.62518, 13.79095, 1.5889],
							"rotation": [-10.22435, -2.69018, -37.69305],
							"uv": {
								"north": {"uv": [48, 230], "uv_size": [2, 4]},
								"east": {"uv": [50, 230], "uv_size": [2, 4]},
								"south": {"uv": [230, 50], "uv_size": [2, 4]},
								"west": {"uv": [52, 230], "uv_size": [2, 4]},
								"up": {"uv": [158, 240], "uv_size": [2, 2]},
								"down": {"uv": [240, 160], "uv_size": [2, -2]}
							}
						},
						{
							"origin": [-4.4018, 15.35951, -0.61472],
							"size": [1, 1, 2],
							"pivot": [-3.9018, 15.35951, 0.88528],
							"rotation": [-4.69986, -1.70818, -117.4299],
							"uv": {
								"north": {"uv": [160, 240], "uv_size": [2, 2]},
								"east": {"uv": [54, 230], "uv_size": [4, 2]},
								"south": {"uv": [240, 160], "uv_size": [2, 2]},
								"west": {"uv": [230, 54], "uv_size": [4, 2]},
								"up": {"uv": [230, 56], "uv_size": [2, 4]},
								"down": {"uv": [58, 234], "uv_size": [2, -4]}
							}
						},
						{
							"origin": [-6.30597, 14.90192, -0.95005],
							"size": [1, 1, 1],
							"pivot": [-5.80597, 14.90192, -0.45005],
							"rotation": [0, 5, -7.5],
							"uv": {
								"north": {"uv": [162, 240], "uv_size": [2, 2]},
								"east": {"uv": [240, 162], "uv_size": [2, 2]},
								"south": {"uv": [164, 240], "uv_size": [2, 2]},
								"west": {"uv": [240, 164], "uv_size": [2, 2]},
								"up": {"uv": [166, 240], "uv_size": [2, 2]},
								"down": {"uv": [240, 168], "uv_size": [2, -2]}
							}
						},
						{
							"origin": [-5.75929, 13.43693, -1.09216],
							"size": [1, 2, 1],
							"pivot": [-5.25929, 14.43693, -0.59216],
							"rotation": [-2.87277, 4.09405, -42.6027],
							"uv": {
								"north": {"uv": [60, 230], "uv_size": [2, 4]},
								"east": {"uv": [230, 60], "uv_size": [2, 4]},
								"south": {"uv": [62, 230], "uv_size": [2, 4]},
								"west": {"uv": [64, 230], "uv_size": [2, 4]},
								"up": {"uv": [168, 240], "uv_size": [2, 2]},
								"down": {"uv": [240, 170], "uv_size": [2, -2]}
							}
						},
						{
							"origin": [-4.53878, 16.16412, -1.89984],
							"size": [1, 2, 2],
							"pivot": [-4.03878, 17.16412, -0.89984],
							"rotation": [13.74956, 45.34628, -41.48038],
							"uv": {
								"north": {"uv": [230, 64], "uv_size": [2, 4]},
								"east": {"uv": [210, 126], "uv_size": [4, 4]},
								"south": {"uv": [66, 230], "uv_size": [2, 4]},
								"west": {"uv": [130, 210], "uv_size": [4, 4]},
								"up": {"uv": [230, 68], "uv_size": [2, 4]},
								"down": {"uv": [72, 234], "uv_size": [2, -4]}
							}
						},
						{
							"origin": [-4.12969, 14.51116, -1.75588],
							"size": [1, 2, 1],
							"pivot": [-3.8462, 16.31917, -1.00588],
							"rotation": [20.74366, 42.03023, 0.22506],
							"uv": {
								"north": {"uv": [230, 72], "uv_size": [2, 4]},
								"east": {"uv": [74, 230], "uv_size": [2, 4]},
								"south": {"uv": [76, 230], "uv_size": [2, 4]},
								"west": {"uv": [230, 76], "uv_size": [2, 4]},
								"up": {"uv": [170, 240], "uv_size": [2, 2]},
								"down": {"uv": [240, 172], "uv_size": [2, -2]}
							}
						}
					]
				},
				{
					"name": "righthand_armor",
					"parent": "RightHand",
					"pivot": [-3.8462, 16.31917, -1.00588],
					"cubes": [
						{
							"origin": [-5.80929, 13.38693, -1.14216],
							"size": [0.85, 2.1, 1.1],
							"pivot": [-5.25929, 14.43693, -0.59216],
							"rotation": [-2.87277, 4.09405, -42.6027],
							"uv": {
								"north": {"uv": [78, 230], "uv_size": [2, 4]},
								"east": {"uv": [230, 80], "uv_size": [2, 4]},
								"south": {"uv": [82, 230], "uv_size": [2, 4]},
								"west": {"uv": [84, 230], "uv_size": [2, 4]},
								"up": {"uv": [172, 240], "uv_size": [2, 2]},
								"down": {"uv": [240, 174], "uv_size": [2, -2]}
							}
						},
						{
							"origin": [-6.37458, 15.56059, 1.52275],
							"size": [1, 0.5, 0.5],
							"pivot": [-5.77458, 15.81059, 1.77275],
							"rotation": [39.71435, 17.68824, -50.39029],
							"uv": {
								"north": {"uv": [174, 240], "uv_size": [2, 2]},
								"east": {"uv": [240, 174], "uv_size": [2, 2]},
								"south": {"uv": [176, 240], "uv_size": [2, 2]},
								"west": {"uv": [240, 176], "uv_size": [2, 2]},
								"up": {"uv": [178, 240], "uv_size": [2, 2]},
								"down": {"uv": [240, 180], "uv_size": [2, -2]}
							}
						},
						{
							"origin": [-6.50597, 15.63143, 0.88002],
							"size": [1, 0.5, 0.5],
							"pivot": [-6.00597, 15.88143, 1.13002],
							"rotation": [42.29085, 7.81226, -38.79724],
							"uv": {
								"north": {"uv": [180, 240], "uv_size": [2, 2]},
								"east": {"uv": [240, 180], "uv_size": [2, 2]},
								"south": {"uv": [182, 240], "uv_size": [2, 2]},
								"west": {"uv": [240, 182], "uv_size": [2, 2]},
								"up": {"uv": [184, 240], "uv_size": [2, 2]},
								"down": {"uv": [240, 186], "uv_size": [2, -2]}
							}
						},
						{
							"origin": [-6.63799, 15.71651, 0.13597],
							"size": [1, 0.5, 0.5],
							"pivot": [-6.13799, 15.96651, 0.38597],
							"rotation": [42.86211, 1.03712, -31.41575],
							"uv": {
								"north": {"uv": [186, 240], "uv_size": [2, 2]},
								"east": {"uv": [240, 186], "uv_size": [2, 2]},
								"south": {"uv": [188, 240], "uv_size": [2, 2]},
								"west": {"uv": [240, 188], "uv_size": [2, 2]},
								"up": {"uv": [190, 240], "uv_size": [2, 2]},
								"down": {"uv": [240, 192], "uv_size": [2, -2]}
							}
						},
						{
							"origin": [-6.40078, 15.613, -0.42826],
							"size": [1, 0.5, 0.5],
							"pivot": [-6.15078, 15.613, -0.42826],
							"rotation": [42.68664, 4.43385, -35.08957],
							"uv": {
								"north": {"uv": [192, 240], "uv_size": [2, 2]},
								"east": {"uv": [240, 192], "uv_size": [2, 2]},
								"south": {"uv": [194, 240], "uv_size": [2, 2]},
								"west": {"uv": [240, 194], "uv_size": [2, 2]},
								"up": {"uv": [196, 240], "uv_size": [2, 2]},
								"down": {"uv": [240, 198], "uv_size": [2, -2]}
							}
						},
						{
							"origin": [-4.33878, 16.11412, -1.94984],
							"size": [0.85, 2.1, 2.1],
							"pivot": [-4.03878, 17.16412, -0.89984],
							"rotation": [13.74956, 45.34628, -41.48038],
							"uv": {
								"north": {"uv": [230, 84], "uv_size": [2, 4]},
								"east": {"uv": [210, 130], "uv_size": [4, 4]},
								"south": {"uv": [230, 88], "uv_size": [2, 4]},
								"west": {"uv": [210, 134], "uv_size": [4, 4]},
								"up": {"uv": [90, 230], "uv_size": [2, 4]},
								"down": {"uv": [230, 96], "uv_size": [2, -4]}
							}
						},
						{
							"origin": [-6.38011, 15.94147, -1.00305],
							"size": [1, 1, 3.1],
							"pivot": [-5.93011, 16.44147, 0.54695],
							"rotation": [1.50701, 4.76804, 10.06274],
							"uv": {
								"north": {"uv": [198, 240], "uv_size": [2, 2]},
								"east": {"uv": [218, 180], "uv_size": [6, 2]},
								"south": {"uv": [240, 198], "uv_size": [2, 2]},
								"west": {"uv": [218, 196], "uv_size": [6, 2]},
								"up": {"uv": [204, 218], "uv_size": [2, 6]},
								"down": {"uv": [218, 210], "uv_size": [2, -6]}
							}
						},
						{
							"origin": [-6.32943, 16.86827, -1.02237],
							"size": [1, 1, 3.1],
							"pivot": [-5.82943, 17.36827, 0.52763],
							"rotation": [1.29716, 4.82922, 7.5547],
							"uv": {
								"north": {"uv": [200, 240], "uv_size": [2, 2]},
								"east": {"uv": [218, 198], "uv_size": [6, 2]},
								"south": {"uv": [240, 200], "uv_size": [2, 2]},
								"west": {"uv": [218, 214], "uv_size": [6, 2]},
								"up": {"uv": [206, 218], "uv_size": [2, 6]},
								"down": {"uv": [208, 224], "uv_size": [2, -6]}
							}
						},
						{
							"origin": [-5.18873, 13.68438, 0.98165],
							"size": [0.85, 2.1, 1.1],
							"pivot": [-4.62518, 13.79095, 1.5889],
							"rotation": [-10.22435, -2.69018, -37.69305],
							"uv": {
								"north": {"uv": [230, 96], "uv_size": [2, 4]},
								"east": {"uv": [230, 104], "uv_size": [2, 4]},
								"south": {"uv": [230, 108], "uv_size": [2, 4]},
								"west": {"uv": [230, 112], "uv_size": [2, 4]},
								"up": {"uv": [202, 240], "uv_size": [2, 2]},
								"down": {"uv": [240, 204], "uv_size": [2, -2]}
							}
						},
						{
							"origin": [-3.92969, 14.46116, -1.80588],
							"size": [0.85, 2.1, 1.1],
							"pivot": [-3.8462, 16.31917, -1.00588],
							"rotation": [20.74366, 42.03023, 0.22506],
							"uv": {
								"north": {"uv": [230, 116], "uv_size": [2, 4]},
								"east": {"uv": [118, 230], "uv_size": [2, 4]},
								"south": {"uv": [120, 230], "uv_size": [2, 4]},
								"west": {"uv": [230, 120], "uv_size": [2, 4]},
								"up": {"uv": [204, 240], "uv_size": [2, 2]},
								"down": {"uv": [240, 206], "uv_size": [2, -2]}
							}
						},
						{
							"origin": [-4.4518, 15.30951, -0.66472],
							"size": [0.8, 1.3, 2.35],
							"pivot": [-3.9018, 15.35951, 0.88528],
							"rotation": [-4.69986, -1.70818, -117.4299],
							"uv": {
								"north": {"uv": [206, 240], "uv_size": [2, 2]},
								"east": {"uv": [230, 100], "uv_size": [4, 2]},
								"south": {"uv": [240, 206], "uv_size": [2, 2]},
								"west": {"uv": [122, 230], "uv_size": [4, 2]},
								"up": {"uv": [126, 230], "uv_size": [2, 4]},
								"down": {"uv": [230, 130], "uv_size": [2, -4]}
							}
						},
						{
							"origin": [-6.06973, 14.30541, -0.06961],
							"size": [0.85, 2.1, 2.1],
							"pivot": [-5.01973, 15.35541, 0.48039],
							"rotation": [-1.50701, 4.76804, -25.06274],
							"uv": {
								"north": {"uv": [230, 130], "uv_size": [2, 4]},
								"east": {"uv": [146, 210], "uv_size": [4, 4]},
								"south": {"uv": [230, 134], "uv_size": [2, 4]},
								"west": {"uv": [210, 146], "uv_size": [4, 4]},
								"up": {"uv": [136, 230], "uv_size": [2, 4]},
								"down": {"uv": [138, 234], "uv_size": [2, -4]}
							}
						},
						{
							"origin": [-6.35597, 14.85192, -1.00005],
							"size": [0.85, 1.1, 1.1],
							"pivot": [-5.80597, 14.90192, -0.45005],
							"rotation": [0, 5, -7.5],
							"uv": {
								"north": {"uv": [208, 240], "uv_size": [2, 2]},
								"east": {"uv": [240, 208], "uv_size": [2, 2]},
								"south": {"uv": [210, 240], "uv_size": [2, 2]},
								"west": {"uv": [240, 210], "uv_size": [2, 2]},
								"up": {"uv": [212, 240], "uv_size": [2, 2]},
								"down": {"uv": [240, 214], "uv_size": [2, -2]}
							}
						}
					]
				},
				{
					"name": "RightHandLocator",
					"parent": "RightHand",
					"pivot": [-4.825, 14.95717, 0.37106]
				}
			]
		}
	]
}