{
	"format_version": "1.12.0",
	"minecraft:geometry": [
		{
			"description": {
				"identifier": "geometry.default",
				"texture_width": 256,
				"texture_height": 256,
				"visible_bounds_width": 5,
				"visible_bounds_height": 4.5,
				"visible_bounds_offset": [0, 1.75, 0]
			},
			"bones": [
				{
					"name": "RightArm",
					"pivot": [-3.65, 30.5981, 0.08724],
					"rotation": [10.11303, 18.68073, 6.2262],
					"cubes": [
						{
							"origin": [-4.68359, 25.17728, -1.3779],
							"size": [2.55, 6.2, 3.05],
							"pivot": [-3.35859, 29.77728, 0.1471],
							"rotation": [4.99527, 0.21782, 2.5095],
							"uv": {
								"north": {"uv": [18, 120], "uv_size": [-6, 12]},
								"east": {"uv": [36, 120], "uv_size": [-6, 12]},
								"south": {"uv": [30, 120], "uv_size": [-6, 12]},
								"west": {"uv": [24, 120], "uv_size": [-6, 12]},
								"up": {"uv": [162, 78], "uv_size": [-6, 6]},
								"down": {"uv": [162, 90], "uv_size": [-6, -6]}
							}
						},
						{
							"origin": [-4.87976, 24.65794, -0.29045],
							"size": [2.55, 2.15, 2.2],
							"pivot": [-3.60476, 25.20794, 1.23455],
							"rotation": [49.99527, 0.21782, 2.5095],
							"uv": {
								"north": {"uv": [188, 156], "uv_size": [-6, 4]},
								"east": {"uv": [128, 200], "uv_size": [-4, 4]},
								"south": {"uv": [180, 182], "uv_size": [-6, 4]},
								"west": {"uv": [204, 122], "uv_size": [-4, 4]},
								"up": {"uv": [186, 182], "uv_size": [-6, 4]},
								"down": {"uv": [14, 188], "uv_size": [-6, -4]}
							}
						},
						{
							"origin": [-4.97976, 25.15794, 0.20955],
							"size": [0.1, 1, 1],
							"pivot": [-3.60476, 25.20794, 1.23455],
							"rotation": [49.99527, 0.21782, 2.5095],
							"uv": {
								"north": {"uv": [232, 172], "uv_size": [-2, 2]},
								"east": {"uv": [178, 230], "uv_size": [-2, 2]},
								"south": {"uv": [232, 174], "uv_size": [-2, 2]},
								"west": {"uv": [176, 230], "uv_size": [-2, 2]},
								"up": {"uv": [232, 176], "uv_size": [-2, 2]},
								"down": {"uv": [180, 232], "uv_size": [-2, -2]}
							}
						},
						{
							"origin": [-4.97976, 26.15794, 1.20955],
							"size": [0.1, 0.75, 2.1],
							"pivot": [-3.60476, 25.20794, 1.23455],
							"rotation": [49.99527, 0.21782, 2.5095],
							"uv": {
								"north": {"uv": [232, 178], "uv_size": [-2, 2]},
								"east": {"uv": [224, 52], "uv_size": [-4, 2]},
								"south": {"uv": [182, 230], "uv_size": [-2, 2]},
								"west": {"uv": [224, 46], "uv_size": [-4, 2]},
								"up": {"uv": [68, 220], "uv_size": [-2, 4]},
								"down": {"uv": [70, 224], "uv_size": [-2, -4]}
							}
						},
						{
							"origin": [-4.97976, 26.90794, 1.20955],
							"size": [0.1, 1.35, 0.75],
							"pivot": [-3.60476, 25.20794, 1.23455],
							"rotation": [49.99527, 0.21782, 2.5095],
							"uv": {
								"north": {"uv": [232, 180], "uv_size": [-2, 2]},
								"east": {"uv": [186, 230], "uv_size": [-2, 2]},
								"south": {"uv": [232, 182], "uv_size": [-2, 2]},
								"west": {"uv": [184, 230], "uv_size": [-2, 2]},
								"up": {"uv": [232, 184], "uv_size": [-2, 2]},
								"down": {"uv": [188, 232], "uv_size": [-2, -2]}
							}
						}
					]
				},
				{
					"name": "RightForeArm",
					"parent": "RightArm",
					"pivot": [-3.325, 23.6481, 0.11224],
					"rotation": [-15, 0, 0],
					"cubes": [
						{
							"origin": [-4.975, 18.8981, -1.38776],
							"size": [2.5, 6, 3],
							"pivot": [-3.725, 21.8981, 0.11224],
							"rotation": [0, 0, 2],
							"uv": {
								"north": {"uv": [4, 146], "uv_size": [-4, 12]},
								"east": {"uv": [126, 36], "uv_size": [-6, 12]},
								"south": {"uv": [8, 146], "uv_size": [-4, 12]},
								"west": {"uv": [42, 120], "uv_size": [-6, 12]},
								"up": {"uv": [188, 28], "uv_size": [-4, 6]},
								"down": {"uv": [188, 40], "uv_size": [-4, -6]}
							}
						},
						{
							"origin": [-5.30835, 19.66373, -1.88776],
							"size": [2, 5, 4],
							"pivot": [-3.74439, 22.22095, 0.11224],
							"rotation": [0, 0, 10],
							"uv": {
								"north": {"uv": [130, 152], "uv_size": [-4, 10]},
								"east": {"uv": [126, 26], "uv_size": [-8, 10]},
								"south": {"uv": [134, 152], "uv_size": [-4, 10]},
								"west": {"uv": [126, 16], "uv_size": [-8, 10]},
								"up": {"uv": [80, 174], "uv_size": [-4, 8]},
								"down": {"uv": [84, 182], "uv_size": [-4, -8]}
							}
						},
						{
							"origin": [-5.39377, 21.44486, -0.88776],
							"size": [0.1, 1, 3],
							"pivot": [-5.34377, 22.44486, 0.11224],
							"rotation": [45, 0, 10],
							"uv": {
								"north": {"uv": [232, 186], "uv_size": [-2, 2]},
								"east": {"uv": [52, 208], "uv_size": [-6, 2]},
								"south": {"uv": [190, 230], "uv_size": [-2, 2]},
								"west": {"uv": [38, 208], "uv_size": [-6, 2]},
								"up": {"uv": [40, 208], "uv_size": [-2, 6]},
								"down": {"uv": [42, 214], "uv_size": [-2, -6]}
							}
						},
						{
							"origin": [-5.39377, 21.44486, -1.88776],
							"size": [0.1, 1, 2],
							"pivot": [-5.34377, 22.44486, 0.11224],
							"rotation": [-45, 0, 10],
							"uv": {
								"north": {"uv": [232, 188], "uv_size": [-2, 2]},
								"east": {"uv": [224, 70], "uv_size": [-4, 2]},
								"south": {"uv": [192, 230], "uv_size": [-2, 2]},
								"west": {"uv": [74, 220], "uv_size": [-4, 2]},
								"up": {"uv": [78, 220], "uv_size": [-2, 4]},
								"down": {"uv": [80, 224], "uv_size": [-2, -4]}
							}
						},
						{
							"origin": [-5.39377, 23.44486, -1.88776],
							"size": [0.1, 1, 2],
							"pivot": [-5.34377, 22.44486, 0.11224],
							"rotation": [-45, 0, 10],
							"uv": {
								"north": {"uv": [232, 190], "uv_size": [-2, 2]},
								"east": {"uv": [224, 78], "uv_size": [-4, 2]},
								"south": {"uv": [194, 230], "uv_size": [-2, 2]},
								"west": {"uv": [224, 72], "uv_size": [-4, 2]},
								"up": {"uv": [82, 220], "uv_size": [-2, 4]},
								"down": {"uv": [222, 84], "uv_size": [-2, -4]}
							}
						},
						{
							"origin": [-5.39377, 22.44486, -1.88776],
							"size": [0.1, 1, 1],
							"pivot": [-5.34377, 22.44486, 0.11224],
							"rotation": [-45, 0, 10],
							"uv": {
								"north": {"uv": [232, 192], "uv_size": [-2, 2]},
								"east": {"uv": [198, 230], "uv_size": [-2, 2]},
								"south": {"uv": [232, 194], "uv_size": [-2, 2]},
								"west": {"uv": [196, 230], "uv_size": [-2, 2]},
								"up": {"uv": [232, 196], "uv_size": [-2, 2]},
								"down": {"uv": [200, 232], "uv_size": [-2, -2]}
							}
						},
						{
							"origin": [-6.3232, 18.65822, -1.84209],
							"size": [2, 1, 1],
							"pivot": [-5.3232, 19.05822, -1.44209],
							"rotation": [5, 22.5, 140],
							"uv": {
								"north": {"uv": [86, 220], "uv_size": [-4, 2]},
								"east": {"uv": [202, 230], "uv_size": [-2, 2]},
								"south": {"uv": [224, 84], "uv_size": [-4, 2]},
								"west": {"uv": [232, 198], "uv_size": [-2, 2]},
								"up": {"uv": [224, 86], "uv_size": [-4, 2]},
								"down": {"uv": [92, 222], "uv_size": [-4, -2]}
							}
						},
						{
							"origin": [-4.53021, 20.95287, -1.8581],
							"size": [1, 1, 1],
							"pivot": [-5.28021, 18.95287, -1.3581],
							"rotation": [-1.82397, 12.7583, 69.32397],
							"uv": {
								"north": {"uv": [232, 200], "uv_size": [-2, 2]},
								"east": {"uv": [206, 230], "uv_size": [-2, 2]},
								"south": {"uv": [232, 202], "uv_size": [-2, 2]},
								"west": {"uv": [204, 230], "uv_size": [-2, 2]},
								"up": {"uv": [232, 204], "uv_size": [-2, 2]},
								"down": {"uv": [208, 232], "uv_size": [-2, -2]}
							}
						},
						{
							"origin": [-5.78021, 20.45287, 1.3919],
							"size": [1, 1, 1],
							"pivot": [-5.28021, 18.95287, -1.3581],
							"rotation": [-1.82397, 12.7583, 69.32397],
							"uv": {
								"north": {"uv": [232, 206], "uv_size": [-2, 2]},
								"east": {"uv": [212, 230], "uv_size": [-2, 2]},
								"south": {"uv": [232, 208], "uv_size": [-2, 2]},
								"west": {"uv": [210, 230], "uv_size": [-2, 2]},
								"up": {"uv": [232, 210], "uv_size": [-2, 2]},
								"down": {"uv": [214, 232], "uv_size": [-2, -2]}
							}
						},
						{
							"origin": [-6.51622, 17.84105, -0.53774],
							"size": [2, 1, 1],
							"pivot": [-5.51622, 18.64105, -0.43774],
							"rotation": [4.67685, 9.04761, 138.81948],
							"uv": {
								"north": {"uv": [224, 88], "uv_size": [-4, 2]},
								"east": {"uv": [216, 230], "uv_size": [-2, 2]},
								"south": {"uv": [224, 90], "uv_size": [-4, 2]},
								"west": {"uv": [232, 212], "uv_size": [-2, 2]},
								"up": {"uv": [96, 220], "uv_size": [-4, 2]},
								"down": {"uv": [100, 222], "uv_size": [-4, -2]}
							}
						},
						{
							"origin": [-5.95044, 18.89612, -2.13776],
							"size": [2, 1, 2],
							"pivot": [-4.95044, 19.29612, -1.13776],
							"rotation": [0, 0, 15],
							"uv": {
								"north": {"uv": [224, 96], "uv_size": [-4, 2]},
								"east": {"uv": [224, 100], "uv_size": [-4, 2]},
								"south": {"uv": [104, 220], "uv_size": [-4, 2]},
								"west": {"uv": [224, 98], "uv_size": [-4, 2]},
								"up": {"uv": [204, 126], "uv_size": [-4, 4]},
								"down": {"uv": [204, 134], "uv_size": [-4, -4]}
							}
						},
						{
							"origin": [-6.40752, 18.72213, -0.83776],
							"size": [2, 1, 2],
							"pivot": [-5.40752, 19.52213, 0.36224],
							"rotation": [0, 0, 127.5],
							"uv": {
								"north": {"uv": [224, 102], "uv_size": [-4, 2]},
								"east": {"uv": [224, 106], "uv_size": [-4, 2]},
								"south": {"uv": [224, 104], "uv_size": [-4, 2]},
								"west": {"uv": [108, 220], "uv_size": [-4, 2]},
								"up": {"uv": [204, 146], "uv_size": [-4, 4]},
								"down": {"uv": [170, 204], "uv_size": [-4, -4]}
							}
						},
						{
							"origin": [-5.92456, 19.09272, 0.36224],
							"size": [2, 1, 2],
							"pivot": [-4.92456, 19.39272, 1.36224],
							"rotation": [12.5, 0, 15],
							"uv": {
								"north": {"uv": [112, 220], "uv_size": [-4, 2]},
								"east": {"uv": [122, 220], "uv_size": [-4, 2]},
								"south": {"uv": [224, 116], "uv_size": [-4, 2]},
								"west": {"uv": [224, 108], "uv_size": [-4, 2]},
								"up": {"uv": [204, 166], "uv_size": [-4, 4]},
								"down": {"uv": [174, 204], "uv_size": [-4, -4]}
							}
						},
						{
							"origin": [-6.382, 18.53967, 1.26409],
							"size": [2, 1, 1],
							"pivot": [-5.382, 19.03967, 1.46409],
							"rotation": [5.13266, 34.16078, -52.55034],
							"uv": {
								"north": {"uv": [224, 118], "uv_size": [-4, 2]},
								"east": {"uv": [218, 230], "uv_size": [-2, 2]},
								"south": {"uv": [224, 124], "uv_size": [-4, 2]},
								"west": {"uv": [232, 214], "uv_size": [-2, 2]},
								"up": {"uv": [132, 220], "uv_size": [-4, 2]},
								"down": {"uv": [224, 134], "uv_size": [-4, -2]}
							}
						},
						{
							"origin": [-4.18483, 19.63027, -1.78776],
							"size": [2, 5, 3.8],
							"pivot": [-3.74439, 22.22095, 0.11224],
							"rotation": [0, 0, -5],
							"uv": {
								"north": {"uv": [12, 154], "uv_size": [-4, 10]},
								"east": {"uv": [62, 118], "uv_size": [-8, 10]},
								"south": {"uv": [16, 154], "uv_size": [-4, 10]},
								"west": {"uv": [126, 48], "uv_size": [-8, 10]},
								"up": {"uv": [178, 80], "uv_size": [-4, 8]},
								"down": {"uv": [88, 182], "uv_size": [-4, -8]}
							}
						},
						{
							"origin": [-5.11166, 18.69531, -1.88776],
							"size": [3, 1, 4],
							"pivot": [-3.21166, 21.69531, 0.11224],
							"rotation": [0, 0, -7.5],
							"uv": {
								"north": {"uv": [58, 208], "uv_size": [-6, 2]},
								"east": {"uv": [208, 170], "uv_size": [-8, 2]},
								"south": {"uv": [214, 54], "uv_size": [-6, 2]},
								"west": {"uv": [208, 104], "uv_size": [-8, 2]},
								"up": {"uv": [14, 146], "uv_size": [-6, 8]},
								"down": {"uv": [20, 154], "uv_size": [-6, -8]}
							}
						}
					]
				},
				{
					"name": "RightHand",
					"parent": "RightForeArm",
					"pivot": [-3.93668, 18.70545, -0.08776],
					"rotation": [0, -15, 0],
					"cubes": [
						{
							"origin": [-5.30563, 17.01051, -1.27007],
							"size": [2, 2, 3],
							"pivot": [-4.30563, 18.01051, 0.22993],
							"rotation": [0.87038, 4.92385, 2.53742],
							"uv": {
								"north": {"uv": [204, 190], "uv_size": [-4, 4]},
								"east": {"uv": [50, 184], "uv_size": [-6, 4]},
								"south": {"uv": [204, 194], "uv_size": [-4, 4]},
								"west": {"uv": [190, 40], "uv_size": [-6, 4]},
								"up": {"uv": [188, 44], "uv_size": [-4, 6]},
								"down": {"uv": [54, 190], "uv_size": [-4, -6]}
							}
						},
						{
							"origin": [-5.01973, 15.57134, -0.27843],
							"size": [1, 2, 2],
							"pivot": [-4.01973, 16.57134, 0.22157],
							"rotation": [-1.50701, 4.76804, -25.06274],
							"uv": {
								"north": {"uv": [116, 220], "uv_size": [-2, 4]},
								"east": {"uv": [206, 4], "uv_size": [-4, 4]},
								"south": {"uv": [126, 220], "uv_size": [-2, 4]},
								"west": {"uv": [206, 0], "uv_size": [-4, 4]},
								"up": {"uv": [222, 134], "uv_size": [-2, 4]},
								"down": {"uv": [140, 224], "uv_size": [-2, -4]}
							}
						},
						{
							"origin": [-4.13873, 14.95031, 0.77283],
							"size": [1, 2, 1],
							"pivot": [-3.62518, 15.00688, 1.33008],
							"rotation": [-10.22435, -2.69018, -37.69305],
							"uv": {
								"north": {"uv": [222, 138], "uv_size": [-2, 4]},
								"east": {"uv": [222, 146], "uv_size": [-2, 4]},
								"south": {"uv": [222, 142], "uv_size": [-2, 4]},
								"west": {"uv": [142, 220], "uv_size": [-2, 4]},
								"up": {"uv": [232, 216], "uv_size": [-2, 2]},
								"down": {"uv": [220, 232], "uv_size": [-2, -2]}
							}
						},
						{
							"origin": [-3.4018, 16.57544, -0.87354],
							"size": [1, 1, 2],
							"pivot": [-2.9018, 16.57544, 0.62646],
							"rotation": [-4.69986, -1.70818, -117.4299],
							"uv": {
								"north": {"uv": [232, 218], "uv_size": [-2, 2]},
								"east": {"uv": [224, 152], "uv_size": [-4, 2]},
								"south": {"uv": [222, 230], "uv_size": [-2, 2]},
								"west": {"uv": [224, 150], "uv_size": [-4, 2]},
								"up": {"uv": [222, 154], "uv_size": [-2, 4]},
								"down": {"uv": [160, 224], "uv_size": [-2, -4]}
							}
						},
						{
							"origin": [-5.30597, 16.11785, -1.20887],
							"size": [1, 1, 1],
							"pivot": [-4.80597, 16.11785, -0.70887],
							"rotation": [0, 5, -7.5],
							"uv": {
								"north": {"uv": [232, 220], "uv_size": [-2, 2]},
								"east": {"uv": [226, 230], "uv_size": [-2, 2]},
								"south": {"uv": [232, 222], "uv_size": [-2, 2]},
								"west": {"uv": [224, 230], "uv_size": [-2, 2]},
								"up": {"uv": [232, 224], "uv_size": [-2, 2]},
								"down": {"uv": [228, 232], "uv_size": [-2, -2]}
							}
						},
						{
							"origin": [-4.75929, 14.65286, -1.35098],
							"size": [1, 2, 1],
							"pivot": [-4.25929, 15.65286, -0.85098],
							"rotation": [-2.87277, 4.09405, -42.6027],
							"uv": {
								"north": {"uv": [222, 158], "uv_size": [-2, 4]},
								"east": {"uv": [168, 220], "uv_size": [-2, 4]},
								"south": {"uv": [222, 162], "uv_size": [-2, 4]},
								"west": {"uv": [162, 220], "uv_size": [-2, 4]},
								"up": {"uv": [232, 226], "uv_size": [-2, 2]},
								"down": {"uv": [230, 232], "uv_size": [-2, -2]}
							}
						},
						{
							"origin": [-3.53878, 17.38005, -2.15866],
							"size": [1, 2, 2],
							"pivot": [-3.03878, 18.38005, -1.15866],
							"rotation": [13.74956, 45.34628, -41.48038],
							"uv": {
								"north": {"uv": [222, 166], "uv_size": [-2, 4]},
								"east": {"uv": [206, 12], "uv_size": [-4, 4]},
								"south": {"uv": [170, 220], "uv_size": [-2, 4]},
								"west": {"uv": [206, 8], "uv_size": [-4, 4]},
								"up": {"uv": [172, 220], "uv_size": [-2, 4]},
								"down": {"uv": [178, 224], "uv_size": [-2, -4]}
							}
						},
						{
							"origin": [-3.12969, 15.72709, -2.0147],
							"size": [1, 2, 1],
							"pivot": [-2.8462, 17.5351, -1.2647],
							"rotation": [20.74366, 42.03023, 0.22506],
							"uv": {
								"north": {"uv": [180, 220], "uv_size": [-2, 4]},
								"east": {"uv": [188, 220], "uv_size": [-2, 4]},
								"south": {"uv": [186, 220], "uv_size": [-2, 4]},
								"west": {"uv": [222, 178], "uv_size": [-2, 4]},
								"up": {"uv": [232, 228], "uv_size": [-2, 2]},
								"down": {"uv": [232, 232], "uv_size": [-2, -2]}
							}
						}
					]
				},
				{
					"name": "RightHandLocator",
					"parent": "RightHand",
					"pivot": [-3.825, 16.1731, 0.11224]
				},
				{
					"name": "LeftArm",
					"pivot": [3.65, 30.5981, 0.08724],
					"rotation": [10.11303, -18.68073, -6.2262],
					"cubes": [
						{
							"origin": [2.13359, 25.17728, -1.3779],
							"size": [2.55, 6.2, 3.05],
							"pivot": [3.35859, 29.77728, 0.1471],
							"rotation": [4.99527, -0.21782, -2.5095],
							"uv": {
								"north": {"uv": [12, 120], "uv_size": [6, 12]},
								"east": {"uv": [18, 120], "uv_size": [6, 12]},
								"south": {"uv": [24, 120], "uv_size": [6, 12]},
								"west": {"uv": [30, 120], "uv_size": [6, 12]},
								"up": {"uv": [156, 78], "uv_size": [6, 6]},
								"down": {"uv": [156, 90], "uv_size": [6, -6]}
							}
						},
						{
							"origin": [2.32976, 24.65794, -0.29045],
							"size": [2.55, 2.15, 2.2],
							"pivot": [3.60476, 25.20794, 1.23455],
							"rotation": [49.99527, -0.21782, -2.5095],
							"uv": {
								"north": {"uv": [182, 156], "uv_size": [6, 4]},
								"east": {"uv": [200, 122], "uv_size": [4, 4]},
								"south": {"uv": [174, 182], "uv_size": [6, 4]},
								"west": {"uv": [124, 200], "uv_size": [4, 4]},
								"up": {"uv": [180, 182], "uv_size": [6, 4]},
								"down": {"uv": [8, 188], "uv_size": [6, -4]}
							}
						},
						{
							"origin": [4.87976, 25.15794, 0.20955],
							"size": [0.1, 1, 1],
							"pivot": [3.60476, 25.20794, 1.23455],
							"rotation": [49.99527, -0.21782, -2.5095],
							"uv": {
								"north": {"uv": [230, 172], "uv_size": [2, 2]},
								"east": {"uv": [174, 230], "uv_size": [2, 2]},
								"south": {"uv": [230, 174], "uv_size": [2, 2]},
								"west": {"uv": [176, 230], "uv_size": [2, 2]},
								"up": {"uv": [230, 176], "uv_size": [2, 2]},
								"down": {"uv": [178, 232], "uv_size": [2, -2]}
							}
						},
						{
							"origin": [4.87976, 26.15794, 1.20955],
							"size": [0.1, 0.75, 2.1],
							"pivot": [3.60476, 25.20794, 1.23455],
							"rotation": [49.99527, -0.21782, -2.5095],
							"uv": {
								"north": {"uv": [230, 178], "uv_size": [2, 2]},
								"east": {"uv": [220, 46], "uv_size": [4, 2]},
								"south": {"uv": [180, 230], "uv_size": [2, 2]},
								"west": {"uv": [220, 52], "uv_size": [4, 2]},
								"up": {"uv": [66, 220], "uv_size": [2, 4]},
								"down": {"uv": [68, 224], "uv_size": [2, -4]}
							}
						},
						{
							"origin": [4.87976, 26.90794, 1.20955],
							"size": [0.1, 1.35, 0.75],
							"pivot": [3.60476, 25.20794, 1.23455],
							"rotation": [49.99527, -0.21782, -2.5095],
							"uv": {
								"north": {"uv": [230, 180], "uv_size": [2, 2]},
								"east": {"uv": [182, 230], "uv_size": [2, 2]},
								"south": {"uv": [230, 182], "uv_size": [2, 2]},
								"west": {"uv": [184, 230], "uv_size": [2, 2]},
								"up": {"uv": [230, 184], "uv_size": [2, 2]},
								"down": {"uv": [186, 232], "uv_size": [2, -2]}
							}
						}
					]
				},
				{
					"name": "LeftForeArm",
					"parent": "LeftArm",
					"pivot": [3.325, 23.6481, 0.11224],
					"rotation": [-15, 0, 0],
					"cubes": [
						{
							"origin": [2.475, 18.8981, -1.38776],
							"size": [2.5, 6, 3],
							"pivot": [3.725, 21.8981, 0.11224],
							"rotation": [0, 0, -2],
							"uv": {
								"north": {"uv": [0, 146], "uv_size": [4, 12]},
								"east": {"uv": [36, 120], "uv_size": [6, 12]},
								"south": {"uv": [4, 146], "uv_size": [4, 12]},
								"west": {"uv": [120, 36], "uv_size": [6, 12]},
								"up": {"uv": [184, 28], "uv_size": [4, 6]},
								"down": {"uv": [184, 40], "uv_size": [4, -6]}
							}
						},
						{
							"origin": [3.30835, 19.66373, -1.88776],
							"size": [2, 5, 4],
							"pivot": [3.74439, 22.22095, 0.11224],
							"rotation": [0, 0, -10],
							"uv": {
								"north": {"uv": [126, 152], "uv_size": [4, 10]},
								"east": {"uv": [118, 16], "uv_size": [8, 10]},
								"south": {"uv": [130, 152], "uv_size": [4, 10]},
								"west": {"uv": [118, 26], "uv_size": [8, 10]},
								"up": {"uv": [76, 174], "uv_size": [4, 8]},
								"down": {"uv": [80, 182], "uv_size": [4, -8]}
							}
						},
						{
							"origin": [5.29377, 21.44486, -0.88776],
							"size": [0.1, 1, 3],
							"pivot": [5.34377, 22.44486, 0.11224],
							"rotation": [45, 0, -10],
							"uv": {
								"north": {"uv": [230, 186], "uv_size": [2, 2]},
								"east": {"uv": [32, 208], "uv_size": [6, 2]},
								"south": {"uv": [188, 230], "uv_size": [2, 2]},
								"west": {"uv": [46, 208], "uv_size": [6, 2]},
								"up": {"uv": [38, 208], "uv_size": [2, 6]},
								"down": {"uv": [40, 214], "uv_size": [2, -6]}
							}
						},
						{
							"origin": [5.29377, 21.44486, -1.88776],
							"size": [0.1, 1, 2],
							"pivot": [5.34377, 22.44486, 0.11224],
							"rotation": [-45, 0, -10],
							"uv": {
								"north": {"uv": [230, 188], "uv_size": [2, 2]},
								"east": {"uv": [70, 220], "uv_size": [4, 2]},
								"south": {"uv": [190, 230], "uv_size": [2, 2]},
								"west": {"uv": [220, 70], "uv_size": [4, 2]},
								"up": {"uv": [76, 220], "uv_size": [2, 4]},
								"down": {"uv": [78, 224], "uv_size": [2, -4]}
							}
						},
						{
							"origin": [5.29377, 23.44486, -1.88776],
							"size": [0.1, 1, 2],
							"pivot": [5.34377, 22.44486, 0.11224],
							"rotation": [-45, 0, -10],
							"uv": {
								"north": {"uv": [230, 190], "uv_size": [2, 2]},
								"east": {"uv": [220, 72], "uv_size": [4, 2]},
								"south": {"uv": [192, 230], "uv_size": [2, 2]},
								"west": {"uv": [220, 78], "uv_size": [4, 2]},
								"up": {"uv": [80, 220], "uv_size": [2, 4]},
								"down": {"uv": [220, 84], "uv_size": [2, -4]}
							}
						},
						{
							"origin": [5.29377, 22.44486, -1.88776],
							"size": [0.1, 1, 1],
							"pivot": [5.34377, 22.44486, 0.11224],
							"rotation": [-45, 0, -10],
							"uv": {
								"north": {"uv": [230, 192], "uv_size": [2, 2]},
								"east": {"uv": [194, 230], "uv_size": [2, 2]},
								"south": {"uv": [230, 194], "uv_size": [2, 2]},
								"west": {"uv": [196, 230], "uv_size": [2, 2]},
								"up": {"uv": [230, 196], "uv_size": [2, 2]},
								"down": {"uv": [198, 232], "uv_size": [2, -2]}
							}
						},
						{
							"origin": [4.3232, 18.65822, -1.84209],
							"size": [2, 1, 1],
							"pivot": [5.3232, 19.05822, -1.44209],
							"rotation": [5, -22.5, -140],
							"uv": {
								"north": {"uv": [82, 220], "uv_size": [4, 2]},
								"east": {"uv": [230, 198], "uv_size": [2, 2]},
								"south": {"uv": [220, 84], "uv_size": [4, 2]},
								"west": {"uv": [200, 230], "uv_size": [2, 2]},
								"up": {"uv": [220, 86], "uv_size": [4, 2]},
								"down": {"uv": [88, 222], "uv_size": [4, -2]}
							}
						},
						{
							"origin": [3.53021, 20.95287, -1.8581],
							"size": [1, 1, 1],
							"pivot": [5.28021, 18.95287, -1.3581],
							"rotation": [-1.82397, -12.7583, -69.32397],
							"uv": {
								"north": {"uv": [230, 200], "uv_size": [2, 2]},
								"east": {"uv": [202, 230], "uv_size": [2, 2]},
								"south": {"uv": [230, 202], "uv_size": [2, 2]},
								"west": {"uv": [204, 230], "uv_size": [2, 2]},
								"up": {"uv": [230, 204], "uv_size": [2, 2]},
								"down": {"uv": [206, 232], "uv_size": [2, -2]}
							}
						},
						{
							"origin": [4.78021, 20.45287, 1.3919],
							"size": [1, 1, 1],
							"pivot": [5.28021, 18.95287, -1.3581],
							"rotation": [-1.82397, -12.7583, -69.32397],
							"uv": {
								"north": {"uv": [230, 206], "uv_size": [2, 2]},
								"east": {"uv": [208, 230], "uv_size": [2, 2]},
								"south": {"uv": [230, 208], "uv_size": [2, 2]},
								"west": {"uv": [210, 230], "uv_size": [2, 2]},
								"up": {"uv": [230, 210], "uv_size": [2, 2]},
								"down": {"uv": [212, 232], "uv_size": [2, -2]}
							}
						},
						{
							"origin": [4.51622, 17.84105, -0.53774],
							"size": [2, 1, 1],
							"pivot": [5.51622, 18.64105, -0.43774],
							"rotation": [4.67685, -9.04761, -138.81948],
							"uv": {
								"north": {"uv": [220, 88], "uv_size": [4, 2]},
								"east": {"uv": [230, 212], "uv_size": [2, 2]},
								"south": {"uv": [220, 90], "uv_size": [4, 2]},
								"west": {"uv": [214, 230], "uv_size": [2, 2]},
								"up": {"uv": [92, 220], "uv_size": [4, 2]},
								"down": {"uv": [96, 222], "uv_size": [4, -2]}
							}
						},
						{
							"origin": [3.95044, 18.89612, -2.13776],
							"size": [2, 1, 2],
							"pivot": [4.95044, 19.29612, -1.13776],
							"rotation": [0, 0, -15],
							"uv": {
								"north": {"uv": [220, 96], "uv_size": [4, 2]},
								"east": {"uv": [220, 98], "uv_size": [4, 2]},
								"south": {"uv": [100, 220], "uv_size": [4, 2]},
								"west": {"uv": [220, 100], "uv_size": [4, 2]},
								"up": {"uv": [200, 126], "uv_size": [4, 4]},
								"down": {"uv": [200, 134], "uv_size": [4, -4]}
							}
						},
						{
							"origin": [4.40752, 18.72213, -0.83776],
							"size": [2, 1, 2],
							"pivot": [5.40752, 19.52213, 0.36224],
							"rotation": [0, 0, -127.5],
							"uv": {
								"north": {"uv": [220, 102], "uv_size": [4, 2]},
								"east": {"uv": [104, 220], "uv_size": [4, 2]},
								"south": {"uv": [220, 104], "uv_size": [4, 2]},
								"west": {"uv": [220, 106], "uv_size": [4, 2]},
								"up": {"uv": [200, 146], "uv_size": [4, 4]},
								"down": {"uv": [166, 204], "uv_size": [4, -4]}
							}
						},
						{
							"origin": [3.92456, 19.09272, 0.36224],
							"size": [2, 1, 2],
							"pivot": [4.92456, 19.39272, 1.36224],
							"rotation": [12.5, 0, -15],
							"uv": {
								"north": {"uv": [108, 220], "uv_size": [4, 2]},
								"east": {"uv": [220, 108], "uv_size": [4, 2]},
								"south": {"uv": [220, 116], "uv_size": [4, 2]},
								"west": {"uv": [118, 220], "uv_size": [4, 2]},
								"up": {"uv": [200, 166], "uv_size": [4, 4]},
								"down": {"uv": [170, 204], "uv_size": [4, -4]}
							}
						},
						{
							"origin": [4.382, 18.53967, 1.26409],
							"size": [2, 1, 1],
							"pivot": [5.382, 19.03967, 1.46409],
							"rotation": [5.13266, -34.16078, 52.55034],
							"uv": {
								"north": {"uv": [220, 118], "uv_size": [4, 2]},
								"east": {"uv": [230, 214], "uv_size": [2, 2]},
								"south": {"uv": [220, 124], "uv_size": [4, 2]},
								"west": {"uv": [216, 230], "uv_size": [2, 2]},
								"up": {"uv": [128, 220], "uv_size": [4, 2]},
								"down": {"uv": [220, 134], "uv_size": [4, -2]}
							}
						},
						{
							"origin": [2.18483, 19.63027, -1.78776],
							"size": [2, 5, 3.8],
							"pivot": [3.74439, 22.22095, 0.11224],
							"rotation": [0, 0, 5],
							"uv": {
								"north": {"uv": [8, 154], "uv_size": [4, 10]},
								"east": {"uv": [118, 48], "uv_size": [8, 10]},
								"south": {"uv": [12, 154], "uv_size": [4, 10]},
								"west": {"uv": [54, 118], "uv_size": [8, 10]},
								"up": {"uv": [174, 80], "uv_size": [4, 8]},
								"down": {"uv": [84, 182], "uv_size": [4, -8]}
							}
						},
						{
							"origin": [2.11166, 18.69531, -1.88776],
							"size": [3, 1, 4],
							"pivot": [3.21166, 21.69531, 0.11224],
							"rotation": [0, 0, 7.5],
							"uv": {
								"north": {"uv": [52, 208], "uv_size": [6, 2]},
								"east": {"uv": [200, 104], "uv_size": [8, 2]},
								"south": {"uv": [208, 54], "uv_size": [6, 2]},
								"west": {"uv": [200, 170], "uv_size": [8, 2]},
								"up": {"uv": [8, 146], "uv_size": [6, 8]},
								"down": {"uv": [14, 154], "uv_size": [6, -8]}
							}
						}
					]
				},
				{
					"name": "LeftHand",
					"parent": "LeftForeArm",
					"pivot": [3.93668, 18.70545, -0.08776],
					"rotation": [0, 15, 0],
					"cubes": [
						{
							"origin": [3.30563, 17.01051, -1.27007],
							"size": [2, 2, 3],
							"pivot": [4.30563, 18.01051, 0.22993],
							"rotation": [0.87038, -4.92385, -2.53742],
							"uv": {
								"north": {"uv": [200, 190], "uv_size": [4, 4]},
								"east": {"uv": [184, 40], "uv_size": [6, 4]},
								"south": {"uv": [200, 194], "uv_size": [4, 4]},
								"west": {"uv": [44, 184], "uv_size": [6, 4]},
								"up": {"uv": [184, 44], "uv_size": [4, 6]},
								"down": {"uv": [50, 190], "uv_size": [4, -6]}
							}
						},
						{
							"origin": [4.01973, 15.57134, -0.27843],
							"size": [1, 2, 2],
							"pivot": [4.01973, 16.57134, 0.22157],
							"rotation": [-1.50701, -4.76804, 25.06274],
							"uv": {
								"north": {"uv": [114, 220], "uv_size": [2, 4]},
								"east": {"uv": [202, 0], "uv_size": [4, 4]},
								"south": {"uv": [124, 220], "uv_size": [2, 4]},
								"west": {"uv": [202, 4], "uv_size": [4, 4]},
								"up": {"uv": [220, 134], "uv_size": [2, 4]},
								"down": {"uv": [138, 224], "uv_size": [2, -4]}
							}
						},
						{
							"origin": [3.13873, 14.95031, 0.77283],
							"size": [1, 2, 1],
							"pivot": [3.62518, 15.00688, 1.33008],
							"rotation": [-10.22435, 2.69018, 37.69305],
							"uv": {
								"north": {"uv": [220, 138], "uv_size": [2, 4]},
								"east": {"uv": [140, 220], "uv_size": [2, 4]},
								"south": {"uv": [220, 142], "uv_size": [2, 4]},
								"west": {"uv": [220, 146], "uv_size": [2, 4]},
								"up": {"uv": [230, 216], "uv_size": [2, 2]},
								"down": {"uv": [218, 232], "uv_size": [2, -2]}
							}
						},
						{
							"origin": [2.4018, 16.57544, -0.87354],
							"size": [1, 1, 2],
							"pivot": [2.9018, 16.57544, 0.62646],
							"rotation": [-4.69986, 1.70818, 117.4299],
							"uv": {
								"north": {"uv": [230, 218], "uv_size": [2, 2]},
								"east": {"uv": [220, 150], "uv_size": [4, 2]},
								"south": {"uv": [220, 230], "uv_size": [2, 2]},
								"west": {"uv": [220, 152], "uv_size": [4, 2]},
								"up": {"uv": [220, 154], "uv_size": [2, 4]},
								"down": {"uv": [158, 224], "uv_size": [2, -4]}
							}
						},
						{
							"origin": [4.30597, 16.11785, -1.20887],
							"size": [1, 1, 1],
							"pivot": [4.80597, 16.11785, -0.70887],
							"rotation": [0, -5, 7.5],
							"uv": {
								"north": {"uv": [230, 220], "uv_size": [2, 2]},
								"east": {"uv": [222, 230], "uv_size": [2, 2]},
								"south": {"uv": [230, 222], "uv_size": [2, 2]},
								"west": {"uv": [224, 230], "uv_size": [2, 2]},
								"up": {"uv": [230, 224], "uv_size": [2, 2]},
								"down": {"uv": [226, 232], "uv_size": [2, -2]}
							}
						},
						{
							"origin": [3.75929, 14.65286, -1.35098],
							"size": [1, 2, 1],
							"pivot": [4.25929, 15.65286, -0.85098],
							"rotation": [-2.87277, -4.09405, 42.6027],
							"uv": {
								"north": {"uv": [220, 158], "uv_size": [2, 4]},
								"east": {"uv": [160, 220], "uv_size": [2, 4]},
								"south": {"uv": [220, 162], "uv_size": [2, 4]},
								"west": {"uv": [166, 220], "uv_size": [2, 4]},
								"up": {"uv": [230, 226], "uv_size": [2, 2]},
								"down": {"uv": [228, 232], "uv_size": [2, -2]}
							}
						},
						{
							"origin": [2.53878, 17.38005, -2.15866],
							"size": [1, 2, 2],
							"pivot": [3.03878, 18.38005, -1.15866],
							"rotation": [13.74956, -45.34628, 41.48038],
							"uv": {
								"north": {"uv": [220, 166], "uv_size": [2, 4]},
								"east": {"uv": [202, 8], "uv_size": [4, 4]},
								"south": {"uv": [168, 220], "uv_size": [2, 4]},
								"west": {"uv": [202, 12], "uv_size": [4, 4]},
								"up": {"uv": [170, 220], "uv_size": [2, 4]},
								"down": {"uv": [176, 224], "uv_size": [2, -4]}
							}
						},
						{
							"origin": [2.12969, 15.72709, -2.0147],
							"size": [1, 2, 1],
							"pivot": [2.8462, 17.5351, -1.2647],
							"rotation": [20.74366, -42.03023, -0.22506],
							"uv": {
								"north": {"uv": [178, 220], "uv_size": [2, 4]},
								"east": {"uv": [220, 178], "uv_size": [2, 4]},
								"south": {"uv": [184, 220], "uv_size": [2, 4]},
								"west": {"uv": [186, 220], "uv_size": [2, 4]},
								"up": {"uv": [230, 228], "uv_size": [2, 2]},
								"down": {"uv": [230, 232], "uv_size": [2, -2]}
							}
						}
					]
				},
				{
					"name": "LeftHandLocator",
					"parent": "LeftHand",
					"pivot": [3.825, 16.1731, 0.11224]
				}
			]
		}
	]
}